{"cells":[{"name":{"_data_":"cell_1","_wellknowntype_":"string"},"views":[{"name":{"_data_":"emSetup","_wellknowntype_":"string"},"references":{"cells":[],"externalFiles":[],"libraries":[],"libraryFiles":[{"_data_":"dual_patch_lib:FR4.subst","_wellknowntype_":"string"}],"pcbVias":[],"views":[{"_data_":"dual_patch_lib:cell_1:layout","_wellknowntype_":"string"}]},"timestamp":[{"file":{"_data_":".","_wellknowntype_":"string"},"time":{"_data_":1666613539284,"_wellknowntype_":"int64"}},{"file":{"_data_":"eesof_em_setup.file","_wellknowntype_":"string"},"time":{"_data_":1666613539268,"_wellknowntype_":"int64"}},{"file":{"_data_":"emStateFile.xml","_wellknowntype_":"string"},"time":{"_data_":1666613906555,"_wellknowntype_":"int64"}},{"file":{"_data_":"master.tag","_wellknowntype_":"string"},"time":{"_data_":1666613539237,"_wellknowntype_":"int64"}}]},{"name":{"_data_":"layout","_wellknowntype_":"string"},"references":{"cells":[],"externalFiles":[],"libraries":[],"libraryFiles":[],"pcbVias":[],"views":[{"_data_":"dual_patch_lib:cell_1:emSetup","_wellknowntype_":"string"}]},"timestamp":[{"file":{"_data_":".","_wellknowntype_":"string"},"time":{"_data_":1666618476863,"_wellknowntype_":"int64"}},{"file":{"_data_":"layout.oa","_wellknowntype_":"string"},"time":{"_data_":1666618474645,"_wellknowntype_":"int64"}},{"file":{"_data_":"master.tag","_wellknowntype_":"string"},"time":{"_data_":1666613334349,"_wellknowntype_":"int64"}}]}]},{"name":{"_data_":"cell_2","_wellknowntype_":"string"},"views":[{"name":{"_data_":"emSetup","_wellknowntype_":"string"},"references":{"cells":[],"externalFiles":[],"libraries":[],"libraryFiles":[{"_data_":"dual_patch_lib:FR4.subst","_wellknowntype_":"string"}],"pcbVias":[],"views":[{"_data_":"dual_patch_lib:cell_2:layout","_wellknowntype_":"string"}]},"timestamp":[{"file":{"_data_":".","_wellknowntype_":"string"},"time":{"_data_":1666619085971,"_wellknowntype_":"int64"}},{"file":{"_data_":"eesof_em_setup.file","_wellknowntype_":"string"},"time":{"_data_":1666619085955,"_wellknowntype_":"int64"}},{"file":{"_data_":"emStateFile.xml","_wellknowntype_":"string"},"time":{"_data_":1666621766875,"_wellknowntype_":"int64"}},{"file":{"_data_":"master.tag","_wellknowntype_":"string"},"time":{"_data_":1666619085924,"_wellknowntype_":"int64"}}]}]},{"name":{"_data_":"nosso","_wellknowntype_":"string"},"views":[{"name":{"_data_":"emSetup","_wellknowntype_":"string"},"references":{"cells":[],"externalFiles":[],"libraries":[],"libraryFiles":[{"_data_":"dual_patch_lib:FR4.subst","_wellknowntype_":"string"}],"pcbVias":[],"views":[{"_data_":"dual_patch_lib:nosso:layout","_wellknowntype_":"string"}]},"timestamp":[{"file":{"_data_":".","_wellknowntype_":"string"},"time":{"_data_":1666626462963,"_wellknowntype_":"int64"}},{"file":{"_data_":"eesof_em_setup.file","_wellknowntype_":"string"},"time":{"_data_":1666626462962,"_wellknowntype_":"int64"}},{"file":{"_data_":"emStateFile.xml","_wellknowntype_":"string"},"time":{"_data_":1666626662249,"_wellknowntype_":"int64"}},{"file":{"_data_":"master.tag","_wellknowntype_":"string"},"time":{"_data_":1666626462959,"_wellknowntype_":"int64"}}]}]}],"name":{"_data_":"dual_patch_lib","_wellknowntype_":"string"},"version":{"_data_":1.0,"_wellknowntype_":"double"}}